{"type":"Topology","arcs":[[[865,0],[1,105],[-13,132],[-9,76],[-29,72],[-80,47],[56,-150],[8,-74],[20,-53],[-14,-21],[-109,73],[-244,91],[-72,9],[-142,-26],[-25,8],[-44,34],[-96,31],[-36,88],[-37,54],[36,29],[16,32],[11,89],[-1,58],[32,43],[44,13],[32,21],[17,75],[16,162],[54,58],[31,16],[51,34],[30,6],[21,46],[25,58],[20,45],[38,56],[19,-48],[-93,-181],[-8,-44],[31,-4],[56,20],[41,16],[18,56],[51,68],[64,51],[45,52],[11,52],[19,54],[7,37],[12,54],[22,56],[40,68],[103,230],[102,278],[29,154],[2,72],[0,33],[75,0],[-26,-104],[-24,-159],[-66,-167],[25,-20],[11,-49],[-18,-45],[-29,-79],[-18,-40],[0,-30],[15,-49],[92,-4],[77,30],[101,-3],[89,9],[-21,49],[-41,49],[8,88],[15,34],[33,5],[32,-2],[15,16],[15,69],[36,61],[123,141],[26,23],[34,6],[60,0],[8,16],[59,89],[14,38],[-6,17],[13,11],[474,0],[0,-222],[-30,17],[-23,-71],[24,-35],[29,-41],[0,-62],[-2,-1],[2,-6],[0,-32],[-14,-13],[-36,17],[-1,39],[-40,6],[-6,-30],[-4,-32],[-66,5],[-39,47],[23,17],[34,-14],[37,33],[7,18],[-22,48],[-124,-12],[-187,-57],[-58,-121],[20,-141],[-20,-26],[-34,55],[-24,70],[-86,38],[-42,-2],[-31,-45],[-4,-41],[90,-39],[10,-44],[-17,-45],[-32,-20],[-20,24],[-21,49],[-29,39],[-44,-6],[-24,-86],[39,-72],[-20,-77],[-60,80],[-123,20],[-105,-80],[-26,23],[-47,-9],[-59,33],[-60,-59],[-74,-114],[-7,-71],[-28,-61],[-31,-15],[-28,-19],[-20,-14],[-12,-23],[-37,-47],[7,-50],[-31,-59],[-33,-39],[-11,-73],[27,-54],[70,-32],[19,-29],[-7,-24],[-31,-15],[22,-34],[44,-4],[129,20],[26,12],[16,23],[41,0],[39,-2],[16,-24],[39,19],[-16,70],[-26,53],[5,36],[23,31],[16,16],[23,16],[48,13],[61,20],[40,-12],[48,-29],[48,-35],[26,-21],[7,-19],[-20,-30],[-38,-39],[-169,-74],[-247,-97],[0,-52],[118,49],[234,111],[124,22],[44,-15],[125,-11],[349,7],[17,33],[-85,3],[-290,4],[-1,58],[42,43],[77,17],[35,-31],[-1,-34],[-24,-20],[32,-9],[27,13],[45,37],[183,90],[158,22],[82,15],[0,-138],[-254,-81],[-22,-58],[276,85],[0,-878],[-1380,0]],[[971,1640],[-19,63],[4,55],[25,59],[36,75],[-3,45],[-28,9],[-14,-33],[-17,-56],[-133,-288],[-45,-87],[-25,-98],[-13,-118],[40,18],[74,38],[10,51],[0,51],[72,139],[36,77]],[[435,1015],[-76,16],[-48,22],[-32,-23],[-26,-35],[-7,-59],[-10,-106],[-10,-57],[-16,-37],[-32,-27],[-39,-20],[-25,-33],[8,-46],[-2,-39],[-24,-15],[-13,-22],[6,-22],[21,-8],[41,11],[54,27],[46,8],[35,32],[46,29],[42,27],[23,0],[16,-7],[89,83],[135,184],[-22,45],[-29,34],[-8,40],[9,16],[-4,24],[-11,17],[-19,2],[-38,-22],[-36,-22],[-44,-17]]],"transform":{"scale":[0.000359816234298393,0.0002622563251762757],"translate":[-74.2826874459999,40.3672]},"objects":{"ne_10m_ocean":{"type":"GeometryCollection","geometries":[{"arcs":[[0],[1],[2]],"type":"Polygon","properties":{"featurecla":"Ocean","scalerank":0,"min_zoom":0}}]}}}