Year,Acceptance_Rate
2011,93.66607721
2012,93.60752576
2013,93.9373829
2014,94.14662566
2015,93.42696307
2016,93.29051122
2017,93.26353974
2018,92.46070518
2019,91.84583475
2020,0
2021,90.91628929
2022,86.24552505
